page_id,line_id,reason,bbox,text
dudhadasa1900__01,r7l55,ctc_infeasible,"(1010, 2590, 1336, 2637)",कापीराइट महफूज़ है बहक़ इस छापेखाने के ॥
dudhadasa1900__07,r1l6,ctc_infeasible,"(1463, 342, 1549, 411)",नहिं बनै बरणत धाम शोभा चहूं दिशि सुबरण मई ।
dudhadasa1900__07,r1l32,ctc_infeasible,"(935, 1460, 1683, 1540)",भोर होतप्रिय करहु पयाना । जायहु विपिनवचनपरमाना ॥
dudhadasa1900__13,r1l19,ctc_infeasible,"(945, 692, 1580, 751)",भयो देश पुर शोक निवासू । कहैं दीन प्रभुसिय बनबासु ॥
giridharadasa1902__04,r2l43,ctc_infeasible,"(1900, 3266, 2786, 3367)",यहैअनन्वैसोइ ३४ ॥ उदाहरण ॥ तुवकीरतिसीस्वच्छ
giridharadasa1902__04,r2l50,ctc_infeasible,"(2156, 3628, 2404, 3703)",भरीमुदाम ३५ ॥ उपमेयोपमालक्षण ॥ हैह्वैहीजहँपरसप
giridharadasa1902__04,r2l54,ctc_infeasible,"(2250, 3794, 2784, 3849)",र उपमेयरुउपमान ॥ सोहैउपमेयोपमा तीजेसोसमता
giridharadasa1902__04,r2l65,ctc_infeasible,"(1242, 4414, 2004, 4521)",ताकोपांचप्रतीपमैं प्रथमजानियेखास ३८ ॥ उदाहरण ॥
giridharadasa1902__05,r2l38,ctc_infeasible,"(2240, 3608, 2756, 3703)",रण ॥ धनगजचढ़िआकाशमगचलेइन्द्रअरिजोइ ॥ सुधा
giridharadasa1902__08,r1l15,ctc_infeasible,"(1980, 1108, 2620, 1201)",विधिकहहिंप्रवीन ॥ वस्तुहेतुफलरूपकरि जिनकीमति
giridharadasa1902__09,r1l43,ctc_infeasible,"(1824, 4275, 2538, 4366)",केनामहिसुने कारजआशुहिहोइ ॥ चपलाअतिशयउ
giridharadasa1902__10,r1l42,ctc_infeasible,"(2043, 4134, 2541, 4215)",तासुकहिदेहु १११ ॥ उदाहरण ॥ सोहतभूपतिदानसों
hajarilala1919__02,r2l14,ctc_infeasible,"(1175, 1011, 1519, 1051)","अरधंगिनि जो, कटिशार्दुलचर्म कसे अहि-"
hajarilala1919__02,r2l21,ctc_infeasible,"(208, 1306, 543, 1361)",धरे बसहा असवारा । सो शिव मोपर होहु
hajarilala1919__02,r2l60,ctc_infeasible,"(182, 2332, 430, 2382)",शशि गङ्गा सोहत सुँदरहीं । कांधे उपबीत
hajarilala1919__03,r1l34,ctc_infeasible,"(92, 2014, 560, 2075)",छीन कोउ हीन कानते ।। काहू कर पद नाहीं
hajarilala1919__06,r2l14,ctc_infeasible,"(1590, 1763, 1808, 1845)","भूत प्रेतगण कहुँ बाघ ब्याल कहुँ, निशि-"
hajarilala1919__12,r1l18,ctc_infeasible,"(192, 1272, 496, 1371)","अस पाई ।। तहँऊँ सतिब्याह भयो हर से,"
hajarilala1919__12,r1l24,ctc_infeasible,"(1262, 1887, 1780, 1974)","वति जो रहि, शङ्कर सङ्ग सती मगुमाहीं ।"
hajarilala1919__14,r1l47,ctc_infeasible,"(955, 1903, 1305, 1973)","अनुसार, जस कु ब्यवहार है जो जेवँ-"
hajarilala1919__15,r1l9,ctc_infeasible,"(85, 895, 585, 965)",बैन मुदकारी बहुत सुनावहीं ।। सुनि
hajarilala1919__16,r2l22,ctc_infeasible,"(208, 1909, 569, 2000)","बर शोभा रङ्ग मनोहर, रतनन द्युति तर"
jacobi1897__02,r2l19,ctc_infeasible,"(158, 2015, 517, 2073)",ते उसकी पूरी बुराई लिखते क्योंकि सूत्र साफ़ कहते
jacobi1897__04,r2l17,ctc_infeasible,"(713, 686, 1101, 724)",क्यसिंह और वर्द्धमान के लकब और नाम वही बुद्ध
jacobi1897__05,r2l65,ctc_infeasible,"(987, 1751, 1197, 1792)",लिखा है बराहमिहिर और हेमचंद्र उनको निग्रंथ
jacobi1897__05,r2l105,ctc_infeasible,"(882, 2407, 1386, 2446)",ता है बौद्धों के पीटकों में अक्सर निगंठों को बुद्ध
jacobi1897__06,r1l18,ctc_infeasible,"(1461, 1672, 1689, 1741)",काटने को चला उसके बाप श्रेणिक अर्थात् बिम्बि-
jacobi1897__08,r1l16,ctc_infeasible,"(715, 581, 963, 614)",आत्मावतार और वैश्यन्तर इत्यादि बौद्ध पुस्तकों
jacobi1897__09,r1l63,ctc_infeasible,"(1318, 2661, 1686, 2705)",ठहरता है और यूनानियों के संवत् से इस संवत् के
jagannatha1955__004,r2l14,ctc_infeasible,"(162, 1678, 1815, 1801)",अल --- इसमें ब्रह्माक्षर ॐ से शॉर्टहैंड का सम्बन्ध बड़े मनोरंजक
jagannatha1955__004,r2l19,ctc_infeasible,"(354, 2283, 1830, 2412)",४ --- कुंजी श्रीब्रह्माक्षरप्रकाश --- इसकी सहायता से
jagannatha1955__004,r2l20,ctc_infeasible,"(170, 2401, 1812, 2534)",विद्यार्थी बिना अध्यापक के भी हिन्दी शॅार्टहैंड सीख लेता
jagannatha1955__004,r2l21,ctc_infeasible,"(188, 2525, 570, 2632)",है । मूल्य १ ॥)
jayadeva1926__004,r3l25,ctc_infeasible,"(262, 2271, 547, 2342)",श्रीवासुदेवरतिकेलिकथासमेत-
jayadeva1926__005,r1l18,ctc_infeasible,"(63, 2107, 703, 2221)",शृङ्गारोत्तरसत्प्रमेयरचनैराचार्यगोवर्द्धनः
jayadeva1926__006,r2l1,ctc_infeasible,"(684, 204, 1112, 306)",गीतगोविन्दादर्श ।
jayadeva1926__007,r1l22,ctc_infeasible,"(647, 2610, 1148, 2705)",शृणु सुखदं शुभदं भवसारम् ।।
jayadeva1926__009,r1l36,ctc_infeasible,"(76, 2317, 327, 2362)",दैत्यं दारयते बलिं छलयते क्षत्रक्षयं कुर्वते ।
jnanadasa1895__05,r2l16,ctc_infeasible,"(146, 2146, 1880, 2268)",मैंहौं सूक्ष्म एकज्ञाता पुनि । साक्षी सत अविनाशी जो सुनि ।।
nivajakavi1895__00b,r2l4,ctc_infeasible,"(1866, 1078, 1899, 1159)",नवीनसंग्रह ॥
nivajakavi1895__04,r2l29,ctc_infeasible,"(498, 2001, 1068, 2044)",तीनहुं प्रीतिबढ़ाई । प्राण तिहूंनके ह्वैरहे यों यक देह में
nivajakavi1895__04,r2l61,ctc_infeasible,"(2142, 2712, 2601, 2781)",कहुं मोंहनि फेरे । बात कहे हँसि कें जबहीं तब श्रौन-
nivajakavi1895__05,r1l51,ctc_infeasible,"(1875, 3618, 2325, 3664)",घनाक्षरी । मृग के चर्म ही को पहिरैंदुकूल और
nivajakavi1895__05,r1l55,ctc_infeasible,"(1905, 3754, 2340, 3815)",गहने की कहा है न गरे में जाकें पोति है । तोऊ जाके
nivajakavi1895__08,r3l64,ctc_infeasible,"(2075, 3896, 2495, 3974)",निकी सींचनिहारी ॥ बिधिअतिहो सुकुमारि सम्हारी ।
nivajakavi1895__10,r3l35,ctc_infeasible,"(2372, 2614, 2571, 2697)",घनाक्षरी । जाके तेज होत न अनीति कहूं नीति
nivajakavi1895__11,r2l60,ctc_infeasible,"(746, 4139, 1196, 4214)",चौपाई । दोऊ सखी दुहून निहारे । कोटि काम रति
paramananda1924__001,r1l2,ctc_infeasible,"(197, 424, 2079, 588)",प्रस्तुत पुस्तक एक वदांत विषयक ग्रंथ है । इसमें वेदांत के
paramananda1924__001,r1l3,ctc_infeasible,"(119, 553, 2067, 719)",सिद्धांत का आश्रयण करके समस्त भ्रमात्मक धार्मिक बातों का
paramananda1924__001,r1l5,ctc_infeasible,"(101, 820, 2051, 990)",पांडित्य-पूर्ण शैली से किया गया है कि पाठकों को 'गागर
paramananda1924__001,r1l6,ctc_infeasible,"(95, 949, 2058, 1127)",में सागर' की कहावत सत्य सिद्ध होगी । केवल इस एक ही ग्रंथ
paramananda1924__001,r1l7,ctc_infeasible,"(95, 1085, 2049, 1256)",के पठन और मनन करने से वेदांत-संबंधी अत्यावश्यक विषयों
paramananda1924__001,r1l10,ctc_infeasible,"(71, 1558, 2033, 1721)","इसका तृतीय संस्करण है, जो इस बात को सिद्ध करता है कि"
paramananda1924__001,r1l11,ctc_infeasible,"(74, 1685, 2015, 1847)",धार्मिक जगत् में धर्म के जिज्ञासुओं द्वारा इस पुस्तक का यथो-
paramananda1924__001,r1l14,ctc_infeasible,"(89, 2159, 2006, 2309)",एक नवीन शैली से संशोधन करके उनके कर-कमलों में अर्पित
paramananda1924__06,r1l8,ctc_infeasible,"(87, 1226, 2040, 1365)",है । स्वायंभुव मनु के वंश में ऋषभदेव नामक बड़ा धर्मात्मा राजा
paramananda1924__06,r1l9,ctc_infeasible,"(65, 1364, 2054, 1497)",था । उसके सौ पुत्र हुए । उनमें इक्यासी पुत्र कर्मों के द्वारा ब्राह्मण
paramananda1924__06,r1l11,ctc_infeasible,"(62, 1631, 2042, 1764)","प्रधानता सिद्ध हुई, क्योंकि कर्म-रूपी गुण करके क्षत्रिय से ब्राह्मण"
pyarelala1914__00a,r3l4,ctc_infeasible,"(1094, 582, 1304, 658)",श्रीगणेशाय नम: ।
pyarelala1914__00a,r3l7,ctc_infeasible,"(749, 1036, 1445, 1135)","भजन, ठुमरी, दादरा, पूर्वी, बिहाग, खम्माच,"
pyarelala1914__00a,r3l23,ctc_infeasible,"(939, 2170, 1626, 2273)",सुपरिंटेंडेंट बाबू मनोहरलाल भार्गव बी ए के प्रबन्ध से
pyarelala1914__00a,line_1518173589613_83,ctc_infeasible,"(669, 2723, 1692, 2824)",हक- तसनीफ़ महफूज है बद्दक इस छापेखाने के ।।
saktidharasukla1930__00c,r3l12,empty_text,"(2247, 1206, 2280, 1257)",
saktidharasukla1930__00c,r3l19,empty_text,"(2235, 2347, 2463, 2406)",
saktidharasukla1930__08,r12l1,empty_text,"(3435, 193, 3528, 346)",
saktidharasukla1930__10,r12l1,empty_text,"(3375, 227, 3429, 383)",
sankaracarya1925__000c,r3l16,ctc_infeasible,"(857, 1153, 894, 1200)",रायबहादुर बाबू ज़ालिमसिंह
sankaracarya1925__000c,r3l18,ctc_infeasible,"(450, 1538, 834, 1584)","केसरीदास सेठ, सुपरिंटेंडेंट द्वारा"
sankaracarya1925__000c,r3l26,empty_text,"(724, 2123, 1065, 2168)",
simha1914__0000_a,r2l16,ctc_infeasible,"(1404, 2758, 1485, 2841)",५ जुज़ ४ र्वक़
simha1914__0000_a,r2l17,empty_text,"(1809, 2908, 2003, 2997)",
simha1914__000_3,r2l2,empty_text,"(1263, 333, 1281, 417)",
simha1914__05,r2l2,empty_text,"(1314, 268, 1347, 316)",
sivaramasukla1900__10,r3l88,ctc_infeasible,"(172, 2261, 479, 2304)",र्वितां पररतां मुञ्चतिशीघ्रंबुधाः ६ ।।
sriramastavarajah1898__11,r1l3,ctc_infeasible,"(170, 583, 1269, 688)",प्तद्वीपाः समुद्रश्च नगा नद्यस्तथा द्रुमाः ।
vyasa1896__02,r1l48,ctc_infeasible,"(143, 2681, 1582, 2777)",प्राकृत्यःश्रुतयःसर्वाभगवंतंमधोक्षजम् । स्तुवंतिदोषनाशायतत्राविष्टोभवेद्यथा १ ।।
vyasa1896__04,r1l33,ctc_infeasible,"(64, 2645, 1554, 2728)",* कथानंत्योक्तिहृदयाःसाधनानिविकुर्वते ।। साज्ञात्तेपादसंश्लिष्टास्तेकिंवाच्यामहा
vyasa1896__05,r3l41,ctc_infeasible,"(199, 2654, 1632, 2736)",+ कर्मरूपंहरिंकेचित्सेवंतेयोगरूपिणम् ।। तेभ्योप्यक्षररूपस्यमेषकाःसंमताःसताम् ५
vyasa1896__05,line_1522070770658_2,empty_text,"(104, 411, 120, 483)",
vyasa1896__08,r1l42,ctc_infeasible,"(199, 2667, 1620, 2763)",* कृष्णेहरौभगवतिपरमानंदसागरः ।। वर्त्ततेनात्रसंदेहःकथातत्रनियामिका ८ ।।
vyasa1896__09,r2l37,ctc_infeasible,"(189, 2685, 1620, 2776)",* असत्संगोनकर्त्तव्योभक्तिमार्गस्यबाधकः ।। देहेह्मनुगुणेकृष्णेनेंद्रियाणांप्रियं
vyasa1896__10,r1l40,ctc_infeasible,"(113, 2688, 1591, 2763)",* सर्वएवहरेर्भक्तास्तुल्यायान्मन्यतेहरिः ।। अतःकृष्णोयथात्मीयान्मन्यतेभजनंतथा १०
vyasa1896__11,r2l31,ctc_infeasible,"(151, 2703, 1629, 2796)",* ज्ञानमार्गोभ्रांतिरूपस्ततःकृष्णंभजेद्बुधः ।। प्रवर्त्तकंज्ञानकांडंचित्तुशद्ध्य
vyasa1896__12,r2l28,ctc_infeasible,"(206, 2675, 1624, 2773)",* भ्रांतिमूलतयासर्वसमयानामयुक्तितः ।। नतद्विरोधात्कृष्णास्व्यंपरंब्रह्मत्यजेद्बु
vyasa1896__15,r3l69,ctc_infeasible,"(251, 2675, 1656, 2763)",* सुवर्णप्रतिमेवासौसर्वानंदमयोऽधिराट् ।। सवसेव्योनियंताचनिर्द्दुष्टःसर्वएवहि १५ 
vyasa1906__04,r1l57,empty_text,"(2043, 3360, 2058, 3418)",
vyasa1906__05,r1l77,empty_text,"(2004, 3360, 2027, 3415)",
vyasa1906__06,r1l15,empty_text,"(155, 1988, 236, 2039)",
vyasa1906__10,r1l29,empty_text,"(234, 3343, 270, 3436)",
